Question,Student1_Answer1,Student1_Answer2,Student1_Answer3,Student1_Answer4,Student1_Answer5,Rubric1,Rubric2,Rubric3,Rubric4
What are the pros and cons of online education?,Convenience and flexibility,Interaction challenges,Access to resources,Time management,Quality of discussion,Clear and concise,Relevance to the question,Depth of analysis,Use of examples
Discuss the impact of social media on society.,Increased connectivity,Privacy concerns,Spread of information,Formation of echo chambers,Mental health effects,Logical structure,Relevance to the topic,Depth of analysis,Clarity of expression
Should standardized testing be eliminated in education?,Fair assessment,Inequality in preparation,Measuring diverse skills,Stress on students,Impact on teaching,Use of evidence,Logical structure,Relevance to the question,Conciseness
Explore the ethical implications of artificial intelligence.,Automation benefits,Job displacement,Privacy concerns,Algorithmic bias,Accountability issues,Logical structure,Depth of analysis,Relevance to the topic,Use of examples
Is climate change a global emergency?,Scientific consensus,Impact on ecosystems,Human contributions,Policy implications,Climate change denial,Relevance to the question,Depth of analysis,Use of evidence,Logical structure
Examine the role of government in addressing income inequality.,Social welfare programs,Tax policies,Education opportunities,Minimum wage laws,Corporate regulations,Logical structure,Relevance to the topic,Depth of analysis,Use of examples
Should genetically modified organisms (GMOs) be used in agriculture?,Increased crop yield,Environmental impact,Food safety concerns,Long-term health effects,Consumer choice,Relevance to the question,Depth of analysis,Use of evidence,Logical structure
Discuss the role of art and culture in fostering social change.,Expression of diverse perspectives,Challenge to societal norms,Cultural appropriation,Impact on public opinion,Media influence,Depth of analysis,Relevance to the topic,Use of examples,Clarity of expression
What are the economic implications of renewable energy adoption?,Job creation,Reduction in greenhouse gas emissions,Investment opportunities,Transition costs,Energy independence,Relevance to the question,Depth of analysis,Use of evidence,Logical structure
Examine the impact of globalization on cultural diversity.,Cultural exchange,Homogenization of cultures,Access to global markets,Preservation of traditions,Language diversity,Relevance to the question,Depth of analysis,Clarity of expression,Use of examples
